
<annotation>
    <folder>images</folder>
    <filename>road84.png</filename>
    <size>
        <width>268</width>
        <height>400</height>
        <depth>3</depth>
    </size>
    <segmented>0</segmented>
    <object>
        <name>stop</name>
        <pose>Unspecified</pose>
        <truncated>0</truncated>
        <occluded>0</occluded>
        <difficult>0</difficult>
        <bndbox>
            <xmin>98</xmin>
            <ymin>85</ymin>
            <xmax>171</xmax>
            <ymax>152</ymax>
        </bndbox>
    </object>
</annotation>