
<annotation>
    <folder>images</folder>
    <filename>road560.png</filename>
    <size>
        <width>300</width>
        <height>400</height>
        <depth>3</depth>
    </size>
    <segmented>0</segmented>
    <object>
        <name>crosswalk</name>
        <pose>Unspecified</pose>
        <truncated>0</truncated>
        <occluded>0</occluded>
        <difficult>0</difficult>
        <bndbox>
            <xmin>145</xmin>
            <ymin>254</ymin>
            <xmax>189</xmax>
            <ymax>298</ymax>
        </bndbox>
    </object>
    <object>
        <name>speedlimit</name>
        <pose>Unspecified</pose>
        <truncated>0</truncated>
        <occluded>0</occluded>
        <difficult>0</difficult>
        <bndbox>
            <xmin>147</xmin>
            <ymin>211</ymin>
            <xmax>188</xmax>
            <ymax>252</ymax>
        </bndbox>
    </object>
</annotation>