
<annotation>
    <folder>images</folder>
    <filename>road854.png</filename>
    <size>
        <width>300</width>
        <height>400</height>
        <depth>3</depth>
    </size>
    <segmented>0</segmented>
    <object>
        <name>speedlimit</name>
        <pose>Unspecified</pose>
        <truncated>0</truncated>
        <occluded>0</occluded>
        <difficult>0</difficult>
        <bndbox>
            <xmin>117</xmin>
            <ymin>130</ymin>
            <xmax>150</xmax>
            <ymax>162</ymax>
        </bndbox>
    </object>
</annotation>