
<annotation>
    <folder>images</folder>
    <filename>road67.png</filename>
    <size>
        <width>400</width>
        <height>270</height>
        <depth>3</depth>
    </size>
    <segmented>0</segmented>
    <object>
        <name>stop</name>
        <pose>Unspecified</pose>
        <truncated>0</truncated>
        <occluded>0</occluded>
        <difficult>0</difficult>
        <bndbox>
            <xmin>112</xmin>
            <ymin>64</ymin>
            <xmax>259</xmax>
            <ymax>216</ymax>
        </bndbox>
    </object>
</annotation>