
<annotation>
    <folder>images</folder>
    <filename>road72.png</filename>
    <size>
        <width>400</width>
        <height>272</height>
        <depth>3</depth>
    </size>
    <segmented>0</segmented>
    <object>
        <name>stop</name>
        <pose>Unspecified</pose>
        <truncated>0</truncated>
        <occluded>0</occluded>
        <difficult>0</difficult>
        <bndbox>
            <xmin>267</xmin>
            <ymin>169</ymin>
            <xmax>400</xmax>
            <ymax>272</ymax>
        </bndbox>
    </object>
</annotation>