
<annotation>
    <folder>images</folder>
    <filename>road65.png</filename>
    <size>
        <width>268</width>
        <height>400</height>
        <depth>3</depth>
    </size>
    <segmented>0</segmented>
    <object>
        <name>stop</name>
        <pose>Unspecified</pose>
        <truncated>0</truncated>
        <occluded>0</occluded>
        <difficult>0</difficult>
        <bndbox>
            <xmin>75</xmin>
            <ymin>119</ymin>
            <xmax>203</xmax>
            <ymax>245</ymax>
        </bndbox>
    </object>
</annotation>