
<annotation>
    <folder>images</folder>
    <filename>road716.png</filename>
    <size>
        <width>300</width>
        <height>400</height>
        <depth>3</depth>
    </size>
    <segmented>0</segmented>
    <object>
        <name>speedlimit</name>
        <pose>Unspecified</pose>
        <truncated>0</truncated>
        <occluded>0</occluded>
        <difficult>0</difficult>
        <bndbox>
            <xmin>177</xmin>
            <ymin>211</ymin>
            <xmax>195</xmax>
            <ymax>230</ymax>
        </bndbox>
    </object>
    <object>
        <name>speedlimit</name>
        <pose>Unspecified</pose>
        <truncated>0</truncated>
        <occluded>0</occluded>
        <difficult>0</difficult>
        <bndbox>
            <xmin>150</xmin>
            <ymin>210</ymin>
            <xmax>169</xmax>
            <ymax>229</ymax>
        </bndbox>
    </object>
</annotation>