
<annotation>
    <folder>images</folder>
    <filename>road575.png</filename>
    <size>
        <width>300</width>
        <height>400</height>
        <depth>3</depth>
    </size>
    <segmented>0</segmented>
    <object>
        <name>speedlimit</name>
        <pose>Unspecified</pose>
        <truncated>0</truncated>
        <occluded>0</occluded>
        <difficult>0</difficult>
        <bndbox>
            <xmin>67</xmin>
            <ymin>119</ymin>
            <xmax>105</xmax>
            <ymax>155</ymax>
        </bndbox>
    </object>
    <object>
        <name>crosswalk</name>
        <pose>Unspecified</pose>
        <truncated>0</truncated>
        <occluded>0</occluded>
        <difficult>0</difficult>
        <bndbox>
            <xmin>67</xmin>
            <ymin>157</ymin>
            <xmax>108</xmax>
            <ymax>197</ymax>
        </bndbox>
    </object>
</annotation>