
<annotation>
    <folder>images</folder>
    <filename>road712.png</filename>
    <size>
        <width>300</width>
        <height>400</height>
        <depth>3</depth>
    </size>
    <segmented>0</segmented>
    <object>
        <name>speedlimit</name>
        <pose>Unspecified</pose>
        <truncated>0</truncated>
        <occluded>0</occluded>
        <difficult>0</difficult>
        <bndbox>
            <xmin>98</xmin>
            <ymin>140</ymin>
            <xmax>139</xmax>
            <ymax>182</ymax>
        </bndbox>
    </object>
    <object>
        <name>speedlimit</name>
        <pose>Unspecified</pose>
        <truncated>0</truncated>
        <occluded>0</occluded>
        <difficult>0</difficult>
        <bndbox>
            <xmin>97</xmin>
            <ymin>205</ymin>
            <xmax>138</xmax>
            <ymax>246</ymax>
        </bndbox>
    </object>
</annotation>