
<annotation>
    <folder>images</folder>
    <filename>road671.png</filename>
    <size>
        <width>300</width>
        <height>400</height>
        <depth>3</depth>
    </size>
    <segmented>0</segmented>
    <object>
        <name>speedlimit</name>
        <pose>Unspecified</pose>
        <truncated>0</truncated>
        <occluded>0</occluded>
        <difficult>0</difficult>
        <bndbox>
            <xmin>161</xmin>
            <ymin>176</ymin>
            <xmax>178</xmax>
            <ymax>193</ymax>
        </bndbox>
    </object>
    <object>
        <name>stop</name>
        <pose>Unspecified</pose>
        <truncated>0</truncated>
        <occluded>0</occluded>
        <difficult>0</difficult>
        <bndbox>
            <xmin>75</xmin>
            <ymin>202</ymin>
            <xmax>84</xmax>
            <ymax>211</ymax>
        </bndbox>
    </object>
</annotation>